{
  "properties": {
    "connectionReferences": {
      "shared_commondataserviceforapps": {
        "runtimeSource": "embedded",
        "connection": {
          "connectionReferenceLogicalName": "first_sharedcommondataserviceforapps_a4722"
        },
        "api": {
          "name": "shared_commondataserviceforapps"
        }
      },
      "shared_gmail": {
        "runtimeSource": "embedded",
        "connection": {
          "connectionReferenceLogicalName": "first_sharedgmail_8c01c"
        },
        "api": {
          "name": "shared_gmail"
        }
      }
    },
    "definition": {
      "$schema": "https://schema.management.azure.com/providers/Microsoft.Logic/schemas/2016-06-01/workflowdefinition.json#",
      "contentVersion": "1.0.0.0",
      "parameters": {
        "$connections": {
          "defaultValue": {},
          "type": "Object"
        },
        "$authentication": {
          "defaultValue": {},
          "type": "SecureObject"
        }
      },
      "triggers": {
        "When_a_row_is_added,_modified_or_deleted": {
          "metadata": {
            "operationMetadataId": "7cc30f5d-b1a3-42fc-b8e4-00b2eadf5f1b"
          },
          "type": "OpenApiConnectionWebhook",
          "inputs": {
            "host": {
              "connectionName": "shared_commondataserviceforapps",
              "operationId": "SubscribeWebhookTrigger",
              "apiId": "/providers/Microsoft.PowerApps/apis/shared_commondataserviceforapps"
            },
            "parameters": {
              "subscriptionRequest/message": 1,
              "subscriptionRequest/entityname": "cr6c4_leaverequest1",
              "subscriptionRequest/scope": 4
            },
            "authentication": "@parameters('$authentication')"
          }
        }
      },
      "actions": {
        "Send_email_(V2)": {
          "runAfter": {},
          "metadata": {
            "operationMetadataId": "46b25471-6281-4122-8770-a04d97522659"
          },
          "type": "OpenApiConnection",
          "inputs": {
            "host": {
              "connectionName": "shared_gmail",
              "operationId": "SendEmailV2",
              "apiId": "/providers/Microsoft.PowerApps/apis/shared_gmail"
            },
            "parameters": {
              "emailMessage/To": "yashk@digi-prodigy.com",
              "emailMessage/Subject": "test",
              "emailMessage/Body": "<p>&lt;p class=\"editor-paragraph\"&gt;A new leave request has been submitted New.&lt;/p&gt;&lt;br&gt;&lt;p class=\"editor-paragraph\"&gt;Employee: @{triggerOutputs()?['body/cr6c4_employeename']}&lt;br&gt;Email: @{triggerOutputs()?['body/cr6c4_EmployeeEmail']}&lt;br&gt;Start Date: @{triggerOutputs()?['body/cr6c4_leavestartdate']}&lt;br&gt;End Date: @{triggerOutputs()?['body/cr6c4_leaveenddate']}&lt;br&gt;Reason: @{triggerOutputs()?['body/cr6c4_leavereason']}&lt;br&gt;Status: @{triggerOutputs()?['body/cr6c4_leavestatus']}&lt;/p&gt;&lt;br&gt;</p>"
            },
            "authentication": "@parameters('$authentication')"
          }
        }
      }
    },
    "templateName": null
  },
  "schemaVersion": "1.0.0.0"
}